{
    "border" : [
        [200, 100],
        [162.348980186, 178.183148247],
        [77.7479066044, 197.492791218],
        [9.90311320976, 143.388373912],
        [9.90311320976, 56.6116260882],
        [77.7479066044, 2.50720878182],
        [162.348980186, 21.8168517532]
    ],
    "obstacles" : [
        [
            [150, 100],
            [115.450849719, 147.552825815],
            [59.5491502813, 129.389262615],
            [59.5491502813, 70.6107373854],
            [115.450849719, 52.4471741852]
        ],
        [
            [162.5, 104],
            [162.5,  96],
            [187.5,  96],
            [187.5, 104]
        ],
        [
            [ 96, 162.5],
            [104, 162.5],
            [104, 187.5],
            [ 96, 187.5]
        ],
        [
            [37.5,  96],
            [37.5, 104],
            [12.5, 104],
            [12.5,  96]
        ],
        [
            [104, 37.5],
            [ 96, 37.5],
            [ 96, 12.5],
            [104, 12.5]
        ]
    ],
    "scale" : 0.1
}